{"policies":[{"name":"*.connector/GenerateQRCode19(1.0).Connector_Endpoint","value":""},{"name":"*.connector/GenerateQRCode19(1.0).Routing_BindApiToImpl","value":"connector/GenerateQRCode19(1.0)"},{"name":"*.connector/GenerateQRCode19(1.0).Security_OwsmPolicy","value":"[]"},{"name":"*.connector/ProcessOffer19(1.0).Connector_Endpoint","value":""},{"name":"*.connector/ProcessOffer19(1.0).Routing_BindApiToImpl","value":"connector/ProcessOffer19(1.0)"},{"name":"*.connector/ProcessOffer19(1.0).Security_OwsmPolicy","value":"[{\"name\":\"oracle/http_basic_auth_over_ssl_client_policy\",\"description\":null,\"overrides\":[{\"propertyName\":\"csf-key\",\"value\":\"ICS19\",\"description\":\"ICS19\"}]}]"},{"name":"*.connector/QueryOffers19(1.0).Connector_Endpoint","value":""},{"name":"*.connector/QueryOffers19(1.0).Routing_BindApiToImpl","value":"connector/QueryOffers19(1.0)"},{"name":"*.connector/QueryOffers19(1.0).Security_OwsmPolicy","value":"[]"},{"name":"*.custom/LoyaltyMgmt19(1.0).Routing_BindApiToImpl","value":"LoyaltyMgmt19(1.0)"}]}