{"policies":[{"name":"*.connector/GenerateQRCode00APAC(1.0).Connector_Endpoint","value":""},{"name":"*.connector/GenerateQRCode00APAC(1.0).Routing_BindApiToImpl","value":"connector/GenerateQRCode00APAC(1.0)"},{"name":"*.connector/GenerateQRCode00APAC(1.0).Security_OwsmPolicy","value":"[]"},{"name":"*.connector/ProcessOffer00APAC(1.0).Connector_Endpoint","value":""},{"name":"*.connector/ProcessOffer00APAC(1.0).Routing_BindApiToImpl","value":"connector/ProcessOffer00APAC(1.0)"},{"name":"*.connector/ProcessOffer00APAC(1.0).Security_OwsmPolicy","value":"[{\"name\":\"oracle/http_basic_auth_over_ssl_client_policy\",\"description\":null,\"overrides\":[{\"propertyName\":\"csf-key\",\"value\":\"ICS00APAC\",\"description\":\"ICS00APAC\"}]}]"},{"name":"*.connector/QueryOffers00APAC(1.0).Connector_Endpoint","value":""},{"name":"*.connector/QueryOffers00APAC(1.0).Routing_BindApiToImpl","value":"connector/QueryOffers00APAC(1.0)"},{"name":"*.connector/QueryOffers00APAC(1.0).Security_OwsmPolicy","value":"[]"},{"name":"*.custom/LoyaltyMgmt00APAC(1.0).Routing_BindApiToImpl","value":"LoyaltyMgmt00APAC(1.0)"}]}