{"policies":[{"name":"*.connector/GenerateQRCode04(1.0).Connector_Endpoint","value":""},{"name":"*.connector/GenerateQRCode04(1.0).Routing_BindApiToImpl","value":"connector/GenerateQRCode04(1.0)"},{"name":"*.connector/GenerateQRCode04(1.0).Security_OwsmPolicy","value":"[]"},{"name":"*.connector/ProcessOffer04(1.0).Connector_Endpoint","value":""},{"name":"*.connector/ProcessOffer04(1.0).Routing_BindApiToImpl","value":"connector/ProcessOffer04(1.0)"},{"name":"*.connector/ProcessOffer04(1.0).Security_OwsmPolicy","value":"[{\"name\":\"oracle/http_basic_auth_over_ssl_client_policy\",\"description\":null,\"overrides\":[{\"propertyName\":\"csf-key\",\"value\":\"ICS04\",\"description\":\"ICS04\"}]}]"},{"name":"*.connector/QueryOffers04(1.0).Connector_Endpoint","value":""},{"name":"*.connector/QueryOffers04(1.0).Routing_BindApiToImpl","value":"connector/QueryOffers04(1.0)"},{"name":"*.connector/QueryOffers04(1.0).Security_OwsmPolicy","value":"[]"},{"name":"*.custom/LoyaltyMgmt04(1.0).Routing_BindApiToImpl","value":"LoyaltyMgmt04(1.0)"}]}