{"policies":[{"name":"*.connector/GenerateQRCode06(1.0).Connector_Endpoint","value":""},{"name":"*.connector/GenerateQRCode06(1.0).Routing_BindApiToImpl","value":"connector/GenerateQRCode06(1.0)"},{"name":"*.connector/GenerateQRCode06(1.0).Security_OwsmPolicy","value":"[]"},{"name":"*.connector/ProcessOffer06(1.0).Connector_Endpoint","value":""},{"name":"*.connector/ProcessOffer06(1.0).Routing_BindApiToImpl","value":"connector/ProcessOffer06(1.0)"},{"name":"*.connector/ProcessOffer06(1.0).Security_OwsmPolicy","value":"[{\"name\":\"oracle/http_basic_auth_over_ssl_client_policy\",\"description\":null,\"overrides\":[{\"propertyName\":\"csf-key\",\"value\":\"ICS06\",\"description\":\"ICS06\"}]}]"},{"name":"*.connector/QueryOffers06(1.0).Connector_Endpoint","value":""},{"name":"*.connector/QueryOffers06(1.0).Routing_BindApiToImpl","value":"connector/QueryOffers06(1.0)"},{"name":"*.connector/QueryOffers06(1.0).Security_OwsmPolicy","value":"[]"},{"name":"*.custom/LoyaltyMgmt06(1.0).Routing_BindApiToImpl","value":"LoyaltyMgmt06(1.0)"}]}