{"policies":[{"name":"*.connector/GenerateQRCode09(1.0).Connector_Endpoint","value":""},{"name":"*.connector/GenerateQRCode09(1.0).Routing_BindApiToImpl","value":"connector/GenerateQRCode09(1.0)"},{"name":"*.connector/GenerateQRCode09(1.0).Security_OwsmPolicy","value":"[]"},{"name":"*.connector/ProcessOffer09(1.0).Connector_Endpoint","value":""},{"name":"*.connector/ProcessOffer09(1.0).Routing_BindApiToImpl","value":"connector/ProcessOffer09(1.0)"},{"name":"*.connector/ProcessOffer09(1.0).Security_OwsmPolicy","value":"[{\"name\":\"oracle/http_basic_auth_over_ssl_client_policy\",\"description\":null,\"overrides\":[{\"propertyName\":\"csf-key\",\"value\":\"ICS09\",\"description\":\"ICS09\"}]}]"},{"name":"*.connector/QueryOffers09(1.0).Connector_Endpoint","value":""},{"name":"*.connector/QueryOffers09(1.0).Routing_BindApiToImpl","value":"connector/QueryOffers09(1.0)"},{"name":"*.connector/QueryOffers09(1.0).Security_OwsmPolicy","value":"[]"},{"name":"*.custom/LoyaltyMgmt09(1.0).Routing_BindApiToImpl","value":"LoyaltyMgmt09(1.0)"}]}