{"policies":[{"name":"*.connector/GenerateQRCode08(1.0).Connector_Endpoint","value":""},{"name":"*.connector/GenerateQRCode08(1.0).Routing_BindApiToImpl","value":"connector/GenerateQRCode08(1.0)"},{"name":"*.connector/GenerateQRCode08(1.0).Security_OwsmPolicy","value":"[]"},{"name":"*.connector/ProcessOffer08(1.0).Connector_Endpoint","value":""},{"name":"*.connector/ProcessOffer08(1.0).Routing_BindApiToImpl","value":"connector/ProcessOffer08(1.0)"},{"name":"*.connector/ProcessOffer08(1.0).Security_OwsmPolicy","value":"[{\"name\":\"oracle/http_basic_auth_over_ssl_client_policy\",\"description\":null,\"overrides\":[{\"propertyName\":\"csf-key\",\"value\":\"ICS08\",\"description\":\"ICS08\"}]}]"},{"name":"*.connector/QueryOffers08(1.0).Connector_Endpoint","value":""},{"name":"*.connector/QueryOffers08(1.0).Routing_BindApiToImpl","value":"connector/QueryOffers08(1.0)"},{"name":"*.connector/QueryOffers08(1.0).Security_OwsmPolicy","value":"[]"},{"name":"*.custom/LoyaltyMgmt08(1.0).Routing_BindApiToImpl","value":"LoyaltyMgmt08(1.0)"}]}