{"policies":[{"name":"*.connector/GenerateQRCode11(1.0).Connector_Endpoint","value":""},{"name":"*.connector/GenerateQRCode11(1.0).Routing_BindApiToImpl","value":"connector/GenerateQRCode11(1.0)"},{"name":"*.connector/GenerateQRCode11(1.0).Security_OwsmPolicy","value":"[]"},{"name":"*.connector/ProcessOffer11(1.0).Connector_Endpoint","value":""},{"name":"*.connector/ProcessOffer11(1.0).Routing_BindApiToImpl","value":"connector/ProcessOffer11(1.0)"},{"name":"*.connector/ProcessOffer11(1.0).Security_OwsmPolicy","value":"[{\"name\":\"oracle/http_basic_auth_over_ssl_client_policy\",\"description\":null,\"overrides\":[{\"propertyName\":\"csf-key\",\"value\":\"ICS11\",\"description\":\"ICS11\"}]}]"},{"name":"*.connector/QueryOffers11(1.0).Connector_Endpoint","value":""},{"name":"*.connector/QueryOffers11(1.0).Routing_BindApiToImpl","value":"connector/QueryOffers11(1.0)"},{"name":"*.connector/QueryOffers11(1.0).Security_OwsmPolicy","value":"[]"},{"name":"*.custom/LoyaltyMgmt11(1.0).Routing_BindApiToImpl","value":"LoyaltyMgmt11(1.0)"}]}