{"apiVersion":"1.0","swaggerVersion":"1.2","basePath":"/mobile/custom/LoyaltyMgmt15","apis":[{"path":"/offer/{id}/qr","operations":[{"type":"void","method":"GET","nickname":"GET","parameters":[{"name":"id","type":"string","paramType":"path","allowMultiple":false,"required":true}],"summary":"Get offer QR code.","notes":"Get offer QR code.","responseMessages":[{"code":200}],"produces":["image/png"]}]},{"path":"/offer","operations":[{"type":"void","method":"GET","nickname":"GET","parameters":[],"summary":"List offers.","notes":"List offers.","responseMessages":[{"example":"[{\n    \"id\": 10001,\n    \"name\": \"Our new aroma roast\",\n    \"points\": 10000,\n    \"message\": \"Try special brew today and enjoy 10% off with 10,000 points\",\n    \"productid\": 20001,\n    \"productname\": \"Aroma Beans\",\n    \"productprice\": 21,\n    \"productimage\": \"20001.jpg\",\n    \"productdesc\": \"Blend of incomparable Balance of sweetness, aroma and body. Composed of 50% Arabica and 50% Robusta.\"\n  },{\n    \"id\": 10002,\n    \"name\": \"Fresh brewed everyday\",\n    \"points\": 20000,\n    \"message\": \"Purchase special brew between 3-5pm and receive 20% off with 20,000 points\",\n    \"productid\": 20002,\n    \"productname\": \"Valentine\",\n    \"productprice\": 20,\n    \"productimage\": \"20002.jpg\",\n    \"productdesc\": \"Specialty coffee roasted in small batches by people who care. The specialty part means we only choose to roast top-tier, rigorously-graded, traceable coffees.\"\n  },{\n    \"id\": 10003,\n    \"name\": \"Upgrade your iced coffee\",\n    \"points\": 5000,\n    \"message\": \"Stop in today and treat yourself to an upgraded iced coffee with 5,000 points\",\n    \"productid\": 20003,\n    \"productname\": \"Coffee Break\",\n    \"productprice\": 15,\n    \"productimage\": \"20003.jpg\",\n    \"productdesc\": \"Celebrates the rich flavor of espresso. It is a simple drink, yet we prepare it with care. Baristas pour two espresso shots, and then quickly pour hot water over the top to produce a light layer of crema.\"\n  }]\n","code":200}],"produces":["application/json"]}]},{"path":"/offer/{id}/accept","operations":[{"type":"void","method":"POST","nickname":"POST","parameters":[{"name":"id","type":"string","paramType":"path","allowMultiple":false,"required":true},{"name":"body","type":"string","example":"{\n  \"productid\": 20001,\n}\n","paramType":"body"}],"notes":"Accept an offer","responseMessages":[{"example":"{\n  \"activityid\" : \"0-79960-v1.0\",\n  \"imgurl\" : \"https://qrcodegenerator-gse00010885.apaas.em3.oraclecloud.com/ctdqr/v1/offer/10001\"\n}\n","code":200}],"produces":["application/json"],"consumes":["application/json"]}]},{"path":"/offer/{id}/reject","operations":[{"type":"void","method":"POST","nickname":"POST","parameters":[{"name":"id","type":"string","paramType":"path","allowMultiple":false,"required":true},{"name":"body","type":"string","example":"{\n  \"productid\": 10001\n}\n","paramType":"body"}],"notes":"Accept an offer","responseMessages":[{"example":"{\n  \"activityid\" : \"0-79960-v1.0\",\n  \"imgurl\" : \"https://qrcodegenerator-gse00010885.apaas.em3.oraclecloud.com/ctdqr/v1/offer/10001\"\n}\n","code":200}],"produces":["application/json"],"consumes":["application/json"]}]},{"path":"/offer/notify","operations":[{"type":"void","method":"POST","nickname":"POST","parameters":[{"name":"body","type":"string","paramType":"body"}],"summary":"Send notifications of new offer","notes":"Send notifications of new offer to customre.","responseMessages":[{"code":200}],"produces":["application/json"],"consumes":["application/json"]}]},{"path":"/offer/{id}","operations":[{"type":"void","method":"GET","nickname":"GET","parameters":[{"name":"id","type":"string","paramType":"path","allowMultiple":false,"required":true}],"summary":"Get offer details","notes":"Get offer details","responseMessages":[{"example":"{\n\t\"id\": 10001,\n\t\"name\": \"Our new aroma roast\",\n\t\"points\": 10000,\n\t\"message\": \"Try special brew today and enjoy 10% off with 10,000 points\",\n\t\"productid\": 20001,\n\t\"productname\": \"Aroma Beans\",\n\t\"productprice\": 21,\n\t\"productimage\": \"20001.jpg\",\n\t\"productdesc\": \"Blend of incomparable Balance of sweetness, aroma and body. Composed of 50% Arabica and 50% Robusta.\"\n}\n","code":200}],"produces":["application/json"]}]}],"models":{},"info":{"title":"LoyaltyMgmt 15","description":"Loyalty Management 15"}}