{"policies":[{"name":"*.connector/GenerateQRCode07(1.0).Connector_Endpoint","value":""},{"name":"*.connector/GenerateQRCode07(1.0).Routing_BindApiToImpl","value":"connector/GenerateQRCode07(1.0)"},{"name":"*.connector/GenerateQRCode07(1.0).Security_OwsmPolicy","value":"[]"},{"name":"*.connector/ProcessOffer07(1.0).Connector_Endpoint","value":""},{"name":"*.connector/ProcessOffer07(1.0).Routing_BindApiToImpl","value":"connector/ProcessOffer07(1.0)"},{"name":"*.connector/ProcessOffer07(1.0).Security_OwsmPolicy","value":"[{\"name\":\"oracle/http_basic_auth_over_ssl_client_policy\",\"description\":null,\"overrides\":[{\"propertyName\":\"csf-key\",\"value\":\"ICS07\",\"description\":\"ICS07\"}]}]"},{"name":"*.connector/QueryOffers07(1.0).Connector_Endpoint","value":""},{"name":"*.connector/QueryOffers07(1.0).Routing_BindApiToImpl","value":"connector/QueryOffers07(1.0)"},{"name":"*.connector/QueryOffers07(1.0).Security_OwsmPolicy","value":"[]"},{"name":"*.custom/LoyaltyMgmt07(1.0).Routing_BindApiToImpl","value":"LoyaltyMgmt07(1.0)"}]}