{"policies":[{"name":"*.connector/GenerateQRCode13(1.0).Connector_Endpoint","value":""},{"name":"*.connector/GenerateQRCode13(1.0).Routing_BindApiToImpl","value":"connector/GenerateQRCode13(1.0)"},{"name":"*.connector/GenerateQRCode13(1.0).Security_OwsmPolicy","value":"[]"},{"name":"*.connector/ProcessOffer13(1.0).Connector_Endpoint","value":""},{"name":"*.connector/ProcessOffer13(1.0).Routing_BindApiToImpl","value":"connector/ProcessOffer13(1.0)"},{"name":"*.connector/ProcessOffer13(1.0).Security_OwsmPolicy","value":"[{\"name\":\"oracle/http_basic_auth_over_ssl_client_policy\",\"description\":null,\"overrides\":[{\"propertyName\":\"csf-key\",\"value\":\"ICS13\",\"description\":\"ICS13\"}]}]"},{"name":"*.connector/QueryOffers13(1.0).Connector_Endpoint","value":""},{"name":"*.connector/QueryOffers13(1.0).Routing_BindApiToImpl","value":"connector/QueryOffers13(1.0)"},{"name":"*.connector/QueryOffers13(1.0).Security_OwsmPolicy","value":"[]"},{"name":"*.custom/LoyaltyMgmt13(1.0).Routing_BindApiToImpl","value":"LoyaltyMgmt13(1.0)"}]}