{"policies":[{"name":"*.connector/GenerateQRCode10(1.0).Connector_Endpoint","value":""},{"name":"*.connector/GenerateQRCode10(1.0).Routing_BindApiToImpl","value":"connector/GenerateQRCode10(1.0)"},{"name":"*.connector/GenerateQRCode10(1.0).Security_OwsmPolicy","value":"[]"},{"name":"*.connector/ProcessOffer10(1.0).Connector_Endpoint","value":""},{"name":"*.connector/ProcessOffer10(1.0).Routing_BindApiToImpl","value":"connector/ProcessOffer10(1.0)"},{"name":"*.connector/ProcessOffer10(1.0).Security_OwsmPolicy","value":"[{\"name\":\"oracle/http_basic_auth_over_ssl_client_policy\",\"description\":null,\"overrides\":[{\"propertyName\":\"csf-key\",\"value\":\"ICS10\",\"description\":\"ICS10\"}]}]"},{"name":"*.connector/QueryOffers10(1.0).Connector_Endpoint","value":""},{"name":"*.connector/QueryOffers10(1.0).Routing_BindApiToImpl","value":"connector/QueryOffers10(1.0)"},{"name":"*.connector/QueryOffers10(1.0).Security_OwsmPolicy","value":"[]"},{"name":"*.custom/LoyaltyMgmt10(1.0).Routing_BindApiToImpl","value":"LoyaltyMgmt10(1.0)"}]}