{"policies":[{"name":"*.connector/GenerateQRCode05(1.0).Connector_Endpoint","value":""},{"name":"*.connector/GenerateQRCode05(1.0).Routing_BindApiToImpl","value":"connector/GenerateQRCode05(1.0)"},{"name":"*.connector/GenerateQRCode05(1.0).Security_OwsmPolicy","value":"[]"},{"name":"*.connector/ProcessOffer05(1.0).Connector_Endpoint","value":""},{"name":"*.connector/ProcessOffer05(1.0).Routing_BindApiToImpl","value":"connector/ProcessOffer05(1.0)"},{"name":"*.connector/ProcessOffer05(1.0).Security_OwsmPolicy","value":"[{\"name\":\"oracle/http_basic_auth_over_ssl_client_policy\",\"description\":null,\"overrides\":[{\"propertyName\":\"csf-key\",\"value\":\"ICS05\",\"description\":\"ICS05\"}]}]"},{"name":"*.connector/QueryOffers05(1.0).Connector_Endpoint","value":""},{"name":"*.connector/QueryOffers05(1.0).Routing_BindApiToImpl","value":"connector/QueryOffers05(1.0)"},{"name":"*.connector/QueryOffers05(1.0).Security_OwsmPolicy","value":"[]"},{"name":"*.custom/LoyaltyMgmt05(1.0).Routing_BindApiToImpl","value":"LoyaltyMgmt05(1.0)"}]}